SEASON_YEAR,PLAYER_ID,PLAYER_NAME,NICKNAME,TEAM_ID,TEAM_ABBREVIATION,TEAM_NAME,GAME_ID,GAME_DATE,MATCHUP,WL,MIN,FGM,FGA,FG_PCT,FG3M,FG3A,FG3_PCT,FTM,FTA,FT_PCT,OREB,DREB,REB,AST,TOV,STL,BLK,BLKA,PF,PFD,PTS,PLUS_MINUS,NBA_FANTASY_PTS,DD2,TD3,WNBA_FANTASY_PTS,GP_RANK,W_RANK,L_RANK,W_PCT_RANK,MIN_RANK,FGM_RANK,FGA_RANK,FG_PCT_RANK,FG3M_RANK,FG3A_RANK,FG3_PCT_RANK,FTM_RANK,FTA_RANK,FT_PCT_RANK,OREB_RANK,DREB_RANK,REB_RANK,AST_RANK,TOV_RANK,STL_RANK,BLK_RANK,BLKA_RANK,PF_RANK,PFD_RANK,PTS_RANK,PLUS_MINUS_RANK,NBA_FANTASY_PTS_RANK,DD2_RANK,TD3_RANK,WNBA_FANTASY_PTS_RANK,AVAILABLE_FLAG,MIN_SEC,TEAM_COUNT,USG_PCT,TS_PCT,EFG_PCT,OFF_RATING,DEF_RATING,NET_RATING,AST_PCT,OREB_PCT,DREB_PCT,REB_PCT,TM_TOV_PCT,PACE,PLAYER_LABEL,TEAM_LABEL
2025-26,1641705,Victor Wembanyama,Victor,1610612759,SAS,San Antonio Spurs,0022501180,2026-04-10T00:00:00,SAS vs. DAL,W,26.216666666666665,14,23,0.609,2,7,0.286,10,11,0.909,3,10,13,5,2,1,2,0,0,8,40,10,70.1,1,0,66.0,1,1,1,1,46,4,4,12,18,15,34,6,11,24,9,23,22,9,29,16,37,1,1,12,3,35,11,1,2,9,1,26:13,1,0.455,0.718,0.652,140.4,127.3,13.1,0.313,0.136,0.333,0.25,5.7,102.53,Victor Wembanyama,SAS
2025-26,1641705,Victor Wembanyama,Victor,1610612759,SAS,San Antonio Spurs,0022501146,2026-04-06T00:00:00,SAS vs. PHI,W,15.661666666666667,7,11,0.636,1,3,0.333,2,4,0.5,0,5,5,1,2,0,3,1,2,5,17,7,31.5,0,0,30.0,1,1,1,1,64,40,58,10,33,45,27,51,41,54,55,57,62,51,29,45,28,39,18,42,50,39,60,43,2,60,1,15:40,1,0.359,0.666,0.682,114.7,97.0,17.7,0.125,0.0,0.238,0.132,13.3,102.67,Victor Wembanyama,SAS
2025-26,1641705,Victor Wembanyama,Victor,1610612759,SAS,San Antonio Spurs,0022501130,2026-04-04T00:00:00,SAS @ DEN,L,39.60166666666667,8,17,0.471,2,6,0.333,16,17,0.941,2,16,18,7,1,1,5,1,3,12,34,4,83.1,1,0,73.0,1,51,51,51,2,30,29,40,18,23,27,1,1,23,21,3,1,3,46,16,6,39,38,2,10,50,1,1,2,1,1,39:36,1,0.263,0.694,0.529,122.6,122.2,0.4,0.259,0.05,0.39,0.222,3.1,100.0,Victor Wembanyama,SAS
2025-26,1641705,Victor Wembanyama,Victor,1610612759,SAS,San Antonio Spurs,0022501113,2026-04-01T00:00:00,SAS @ GSW,W,28.93166666666667,16,22,0.727,2,6,0.333,7,8,0.875,0,18,18,3,0,0,3,0,0,7,41,16,76.1,1,0,70.0,1,1,1,1,33,2,8,3,18,23,27,24,23,30,55,1,1,23,57,45,28,1,1,16,1,21,5,1,2,5,1,28:56,1,0.347,0.803,0.773,118.8,100.0,18.8,0.273,0.0,0.545,0.286,0.0,102.86,Victor Wembanyama,SAS
2025-26,1641705,Victor Wembanyama,Victor,1610612759,SAS,San Antonio Spurs,0022501094,2026-03-30T00:00:00,SAS vs. CHI,W,30.495,17,27,0.63,3,6,0.5,4,4,1.0,6,10,16,4,2,1,3,0,2,4,41,15,76.2,1,0,72.0,1,1,1,1,27,1,1,11,12,23,13,36,41,1,2,23,6,12,29,16,28,1,18,48,1,22,4,1,2,3,1,30:30,1,0.365,0.713,0.685,123.2,104.5,18.7,0.267,0.171,0.294,0.232,5.7,107.03,Victor Wembanyama,SAS
2025-26,1641705,Victor Wembanyama,Victor,1610612759,SAS,San Antonio Spurs,0022501076,2026-03-28T00:00:00,SAS @ MIL,W,30.683333333333334,7,21,0.333,0,3,0.0,9,10,0.9,4,11,15,6,3,2,1,2,1,10,23,14,56.0,1,0,50.0,1,1,1,1,23,40,11,60,51,45,51,14,15,26,6,18,10,4,13,7,49,58,6,6,36,25,28,1,2,30,1,30:41,1,0.373,0.453,0.333,119.0,98.4,20.7,0.286,0.114,0.344,0.224,8.8,97.77,Victor Wembanyama,SAS
2025-26,1641705,Victor Wembanyama,Victor,1610612759,SAS,San Antonio Spurs,0022501056,2026-03-25T00:00:00,SAS @ MEM,W,26.933333333333334,8,15,0.533,1,3,0.333,2,3,0.667,6,9,15,3,2,3,7,1,1,4,19,34,69.5,1,0,58.0,1,1,1,1,41,30,38,27,33,45,27,51,50,49,2,30,10,23,29,2,2,39,6,48,45,3,12,1,2,21,1,26:56,1,0.265,0.582,0.567,128.8,71.2,57.6,0.143,0.222,0.281,0.254,9.5,105.15,Victor Wembanyama,SAS
2025-26,1641705,Victor Wembanyama,Victor,1610612759,SAS,San Antonio Spurs,0022501041,2026-03-23T00:00:00,SAS @ MIA,W,26.316666666666666,11,22,0.5,1,7,0.143,3,3,1.0,3,12,15,4,2,0,5,0,3,2,26,19,63.0,1,0,56.0,1,1,1,1,45,11,8,31,33,15,49,42,50,1,9,14,10,12,29,45,6,1,38,59,27,14,17,1,2,24,1,26:19,1,0.347,0.557,0.523,129.0,100.0,29.0,0.267,0.12,0.343,0.25,6.9,112.17,Victor Wembanyama,SAS
2025-26,1641705,Victor Wembanyama,Victor,1610612759,SAS,San Antonio Spurs,0022501028,2026-03-21T00:00:00,SAS vs. IND,W,26.133333333333333,8,18,0.444,1,4,0.25,3,3,1.0,2,6,8,6,2,1,5,1,2,4,20,14,54.6,0,0,47.0,1,1,1,1,47,30,26,49,33,38,37,42,50,1,21,51,47,4,29,16,6,39,18,48,44,25,30,43,2,37,1,26:08,1,0.323,0.518,0.472,119.3,94.7,24.6,0.316,0.08,0.24,0.16,7.4,104.69,Victor Wembanyama,SAS
2025-26,1641705,Victor Wembanyama,Victor,1610612759,SAS,San Antonio Spurs,0022501013,2026-03-19T00:00:00,SAS vs. PHX,W,34.85,10,20,0.5,2,7,0.286,12,12,1.0,2,10,12,1,3,3,1,1,2,11,34,18,58.9,1,0,57.0,1,1,1,1,11,17,18,31,18,15,34,2,6,1,21,23,26,51,13,2,49,39,18,4,10,17,23,1,2,23,1,34:51,1,0.373,0.672,0.55,118.3,91.7,26.6,0.05,0.071,0.256,0.179,10.3,98.48,Victor Wembanyama,SAS
2025-26,1641705,Victor Wembanyama,Victor,1610612759,SAS,San Antonio Spurs,0022500998,2026-03-17T00:00:00,SAS @ SAC,W,21.991666666666667,7,14,0.5,2,7,0.286,2,2,1.0,0,8,8,3,0,0,1,0,2,3,18,23,35.1,0,0,33.0,1,1,1,1,56,40,45,31,18,15,34,51,57,1,55,39,47,23,57,45,49,1,18,57,48,9,57,43,2,56,1,21:60,1,0.306,0.605,0.571,147.8,97.8,50.0,0.167,0.0,0.276,0.17,0.0,100.4,Victor Wembanyama,SAS
2025-26,1641705,Victor Wembanyama,Victor,1610612759,SAS,San Antonio Spurs,0022500990,2026-03-16T00:00:00,SAS @ LAC,W,33.85,9,20,0.45,2,9,0.222,1,3,0.333,1,12,13,2,3,1,4,0,0,6,21,7,51.6,1,0,48.0,1,1,1,1,15,24,18,48,18,6,40,59,50,61,38,14,22,39,13,16,18,1,1,31,41,39,34,1,2,36,1,33:51,1,0.279,0.492,0.5,119.4,107.4,12.1,0.1,0.024,0.308,0.16,11.5,95.72,Victor Wembanyama,SAS
2025-26,1641705,Victor Wembanyama,Victor,1610612759,SAS,San Antonio Spurs,0022500973,2026-03-14T00:00:00,SAS vs. CHA,W,31.345,13,24,0.542,5,10,0.5,1,2,0.5,2,10,12,8,2,2,4,1,3,6,32,6,74.4,1,0,69.0,1,1,1,1,22,5,2,25,4,3,13,59,57,54,21,23,26,2,29,7,18,39,38,31,13,42,8,1,2,7,1,31:21,1,0.36,0.643,0.646,120.3,110.9,9.4,0.471,0.063,0.263,0.171,5.7,98.01,Victor Wembanyama,SAS
2025-26,1641705,Victor Wembanyama,Victor,1610612759,SAS,San Antonio Spurs,0022500942,2026-03-10T00:00:00,SAS vs. BOS,W,36.568333333333335,11,20,0.55,8,15,0.533,9,12,0.75,2,9,11,3,6,1,2,0,2,6,39,5,59.7,1,0,67.0,1,1,1,1,6,11,18,21,1,1,12,14,6,41,21,30,33,23,3,16,37,1,18,31,6,45,21,1,2,8,1,36:34,1,0.386,0.771,0.75,128.9,122.4,6.6,0.13,0.063,0.257,0.164,17.1,99.76,Victor Wembanyama,SAS
2025-26,1641705,Victor Wembanyama,Victor,1610612759,SAS,San Antonio Spurs,0022500927,2026-03-08T00:00:00,SAS vs. HOU,W,30.333333333333332,9,13,0.692,2,5,0.4,9,10,0.9,1,7,8,1,0,2,4,0,1,8,29,27,58.1,0,0,52.0,1,1,1,1,28,24,51,5,18,33,23,14,15,26,38,46,47,51,57,7,18,1,6,12,19,7,25,43,2,27,1,30:20,1,0.227,0.833,0.769,136.2,101.5,34.7,0.042,0.038,0.233,0.143,0.0,106.81,Victor Wembanyama,SAS
2025-26,1641705,Victor Wembanyama,Victor,1610612759,SAS,San Antonio Spurs,0022500913,2026-03-06T00:00:00,SAS vs. LAC,W,21.55,11,21,0.524,4,9,0.444,1,2,0.5,3,7,10,1,1,1,4,2,2,1,27,10,54.5,1,0,52.0,1,1,1,1,58,11,11,29,7,6,20,59,57,54,9,46,39,51,46,16,18,58,18,62,25,35,31,1,2,27,1,21:33,1,0.418,0.617,0.619,119.6,97.8,21.7,0.083,0.12,0.28,0.2,4.2,102.46,Victor Wembanyama,SAS
2025-26,1641705,Victor Wembanyama,Victor,1610612759,SAS,San Antonio Spurs,0022500904,2026-03-05T00:00:00,SAS vs. DET,W,38.84166666666667,12,24,0.5,4,10,0.4,10,11,0.909,2,14,16,3,0,0,5,2,5,12,38,20,76.7,1,0,71.0,1,1,1,1,3,8,2,31,7,3,23,6,11,24,21,6,6,23,57,45,6,58,58,2,8,13,3,1,2,4,1,38:51,1,0.333,0.659,0.583,131.3,107.6,23.7,0.125,0.059,0.311,0.203,0.0,98.25,Victor Wembanyama,SAS
2025-26,1641705,Victor Wembanyama,Victor,1610612759,SAS,San Antonio Spurs,0022500888,2026-03-03T00:00:00,SAS @ PHI,W,24.116666666666667,3,5,0.6,1,1,1.0,3,5,0.6,0,8,8,4,3,3,6,0,0,6,10,41,49.6,0,0,41.0,1,1,1,1,53,62,64,13,33,60,1,42,39,52,55,39,47,12,13,2,3,1,1,31,63,1,40,43,2,47,1,24:07,1,0.167,0.694,0.7,143.6,67.9,75.8,0.154,0.0,0.222,0.14,21.4,110.46,Victor Wembanyama,SAS
2025-26,1641705,Victor Wembanyama,Victor,1610612759,SAS,San Antonio Spurs,0022500868,2026-03-01T00:00:00,SAS @ NYK,L,34.2,8,17,0.471,1,7,0.143,8,9,0.889,1,12,13,2,7,0,4,0,2,7,25,-15,48.6,1,0,49.0,1,51,51,51,14,30,29,40,33,15,49,21,22,29,38,14,22,39,2,45,18,1,18,16,33,63,41,1,2,31,1,34:12,1,0.333,0.596,0.5,90.4,108.0,-17.6,0.133,0.027,0.273,0.16,23.3,103.86,Victor Wembanyama,SAS
2025-26,1641705,Victor Wembanyama,Victor,1610612759,SAS,San Antonio Spurs,0022500851,2026-02-26T00:00:00,SAS @ BKN,W,25.95,3,9,0.333,0,4,0.0,6,6,1.0,2,6,8,5,1,2,2,0,5,6,12,15,40.1,0,0,33.0,1,1,1,1,50,62,61,60,51,38,51,27,32,1,21,51,47,9,46,7,37,1,58,31,60,22,51,43,2,56,1,25:57,1,0.21,0.515,0.333,133.9,105.3,28.7,0.227,0.071,0.222,0.145,5.6,104.51,Victor Wembanyama,SAS
2025-26,1641705,Victor Wembanyama,Victor,1610612759,SAS,San Antonio Spurs,0022500843,2026-02-25T00:00:00,SAS @ TOR,W,29.656666666666666,3,12,0.25,1,6,0.167,5,6,0.833,0,8,8,3,3,1,5,0,2,7,12,19,41.1,0,0,36.0,1,1,1,1,32,62,54,63,33,23,47,33,32,33,55,39,47,23,13,16,6,1,18,16,60,14,48,43,2,51,1,29:39,1,0.261,0.41,0.292,115.6,84.6,31.0,0.13,0.0,0.205,0.121,14.3,104.39,Victor Wembanyama,SAS
2025-26,1641705,Victor Wembanyama,Victor,1610612759,SAS,San Antonio Spurs,0022500828,2026-02-23T00:00:00,SAS @ DET,W,35.6,6,16,0.375,2,5,0.4,7,8,0.875,8,9,17,4,3,1,6,0,4,7,21,13,65.4,1,0,58.0,1,1,1,1,10,50,33,57,18,33,23,24,23,30,1,30,5,12,13,16,3,1,51,16,41,30,15,1,2,21,1,35:36,1,0.258,0.538,0.438,112.8,94.9,17.9,0.154,0.2,0.167,0.181,11.1,105.84,Victor Wembanyama,SAS
2025-26,1641705,Victor Wembanyama,Victor,1610612759,SAS,San Antonio Spurs,0022500815,2026-02-21T00:00:00,SAS vs. SAC,W,29.75,11,20,0.55,1,5,0.2,5,7,0.714,1,14,15,6,1,1,4,1,3,4,28,32,69.0,1,0,60.0,1,1,1,1,29,11,18,21,33,33,43,33,30,48,38,6,10,4,46,16,18,39,38,48,23,4,13,1,2,17,1,29:45,1,0.28,0.607,0.575,136.6,92.9,43.8,0.222,0.038,0.368,0.234,3.4,113.75,Victor Wembanyama,SAS
2025-26,1641705,Victor Wembanyama,Victor,1610612759,SAS,San Antonio Spurs,0022500798,2026-02-19T00:00:00,SAS vs. PHX,W,24.75,7,15,0.467,1,4,0.25,2,2,1.0,1,10,11,4,1,1,5,2,1,1,17,23,53.2,1,0,45.0,1,1,1,1,52,40,38,44,33,38,37,51,57,1,38,23,33,12,46,16,6,58,6,62,50,9,32,1,2,41,1,24:45,1,0.293,0.535,0.5,138.5,94.2,44.2,0.2,0.043,0.286,0.19,4.8,100.85,Victor Wembanyama,SAS
2025-26,1641705,Victor Wembanyama,Victor,1610612759,SAS,San Antonio Spurs,0022500788,2026-02-11T00:00:00,SAS @ GSW,W,33.483333333333334,8,17,0.471,2,9,0.222,8,10,0.8,0,9,9,4,1,1,2,0,2,8,26,7,50.8,0,0,47.0,1,1,1,1,16,30,29,40,18,6,40,21,15,38,55,30,43,12,46,16,37,1,18,12,27,39,37,43,2,37,1,33:29,1,0.284,0.607,0.529,124.3,112.7,11.6,0.182,0.0,0.237,0.122,3.7,101.07,Victor Wembanyama,SAS
2025-26,1641705,Victor Wembanyama,Victor,1610612759,SAS,San Antonio Spurs,0022500774,2026-02-10T00:00:00,SAS @ LAL,W,26.1,13,20,0.65,4,6,0.667,10,12,0.833,1,11,12,2,4,2,1,0,2,9,40,22,62.4,1,0,64.0,1,1,1,1,48,5,18,7,7,23,6,6,6,33,38,18,26,39,8,7,49,1,18,9,3,11,19,1,2,11,1,26:06,1,0.492,0.791,0.75,142.9,100.0,42.9,0.154,0.048,0.44,0.261,12.5,104.83,Victor Wembanyama,SAS
2025-26,1641705,Victor Wembanyama,Victor,1610612759,SAS,San Antonio Spurs,0022500749,2026-02-07T00:00:00,SAS vs. DAL,W,26.716666666666665,6,14,0.429,1,6,0.167,3,4,0.75,3,8,11,1,0,0,3,0,1,6,16,3,39.7,1,0,35.0,1,1,1,1,42,50,45,53,33,23,47,42,41,41,9,39,33,51,57,45,28,1,6,31,53,51,53,1,2,53,1,26:43,1,0.216,0.508,0.464,115.6,110.9,4.7,0.043,0.097,0.25,0.175,0.0,114.98,Victor Wembanyama,SAS
2025-26,1641705,Victor Wembanyama,Victor,1610612759,SAS,San Antonio Spurs,0022500738,2026-02-05T00:00:00,SAS @ DAL,W,34.45,9,14,0.643,5,9,0.556,6,8,0.75,3,8,11,6,3,2,3,0,4,7,29,14,63.2,1,0,61.0,1,1,1,1,12,24,45,8,4,6,11,27,23,41,9,39,33,4,13,7,28,1,51,16,19,25,16,1,2,14,1,34:27,1,0.244,0.828,0.821,128.4,111.0,17.4,0.24,0.086,0.211,0.151,11.1,102.41,Victor Wembanyama,SAS
2025-26,1641705,Victor Wembanyama,Victor,1610612759,SAS,San Antonio Spurs,0022500730,2026-02-04T00:00:00,SAS vs. OKC,W,28.35,9,16,0.563,1,2,0.5,3,8,0.375,3,11,14,2,2,0,2,1,1,5,22,17,45.8,1,0,43.0,1,1,1,1,35,24,33,18,33,55,13,42,23,60,9,18,17,39,29,45,37,39,6,42,37,18,44,1,2,44,1,28:21,1,0.292,0.564,0.594,123.4,96.9,26.6,0.1,0.1,0.367,0.233,8.7,108.36,Victor Wembanyama,SAS
2025-26,1641705,Victor Wembanyama,Victor,1610612759,SAS,San Antonio Spurs,0022500703,2026-02-01T00:00:00,SAS vs. ORL,W,27.95,7,13,0.538,0,4,0.0,11,15,0.733,0,8,8,2,2,4,5,0,3,7,25,14,62.6,0,0,53.0,1,1,1,1,36,40,51,26,51,38,51,4,2,47,55,39,47,39,29,1,6,1,38,16,33,25,18,43,2,25,1,27:57,1,0.318,0.638,0.538,119.7,95.2,24.5,0.118,0.0,0.235,0.138,8.7,105.62,Victor Wembanyama,SAS
2025-26,1641705,Victor Wembanyama,Victor,1610612759,SAS,San Antonio Spurs,0022500697,2026-01-31T00:00:00,SAS @ CHA,L,30.606666666666666,6,15,0.4,0,3,0.0,4,4,1.0,3,5,8,1,2,1,0,0,2,4,16,-14,28.1,0,0,27.0,1,51,51,51,25,50,38,56,51,45,51,36,41,1,9,57,47,51,29,16,61,1,18,48,53,60,62,43,2,61,1,30:36,1,0.306,0.477,0.4,115.5,137.3,-21.8,0.056,0.111,0.185,0.148,10.0,91.74,Victor Wembanyama,SAS
2025-26,1641705,Victor Wembanyama,Victor,1610612759,SAS,San Antonio Spurs,0022500679,2026-01-28T00:00:00,SAS @ HOU,W,28.596666666666668,8,15,0.533,0,3,0.0,12,15,0.8,3,13,16,3,4,2,5,2,4,10,28,6,68.7,1,0,61.0,1,1,1,1,34,30,38,27,51,45,51,2,2,38,9,9,6,23,8,7,6,58,51,6,23,42,14,1,2,14,1,28:36,1,0.394,0.648,0.533,113.3,100.0,13.3,0.176,0.125,0.317,0.246,13.8,102.39,Victor Wembanyama,SAS
2025-26,1641705,Victor Wembanyama,Victor,1610612759,SAS,San Antonio Spurs,0022500654,2026-01-25T00:00:00,SAS vs. NOP,L,31.35,6,16,0.375,2,10,0.2,2,6,0.333,1,15,16,0,3,0,4,0,3,7,16,-12,44.2,1,0,42.0,1,51,51,51,21,50,33,57,18,3,43,51,32,61,38,5,6,64,13,45,18,1,38,16,53,58,46,1,2,45,1,31:21,1,0.3,0.429,0.438,90.6,106.1,-15.4,0.0,0.029,0.385,0.219,14.3,99.52,Victor Wembanyama,SAS
2025-26,1641705,Victor Wembanyama,Victor,1610612759,SAS,San Antonio Spurs,0022500632,2026-01-22T00:00:00,SAS @ UTA,W,32.61666666666667,9,14,0.643,4,7,0.571,4,4,1.0,1,13,14,3,3,1,5,0,2,5,26,19,62.3,1,0,59.0,1,1,1,1,18,24,45,8,7,15,10,36,41,1,38,9,17,23,13,16,6,1,18,42,27,14,20,1,2,18,1,32:37,1,0.25,0.825,0.786,132.8,104.5,28.4,0.136,0.036,0.394,0.23,14.3,98.6,Victor Wembanyama,SAS
2025-26,1641705,Victor Wembanyama,Victor,1610612759,SAS,San Antonio Spurs,0022500615,2026-01-20T00:00:00,SAS @ HOU,L,29.705,5,21,0.238,0,7,0.0,4,4,1.0,5,5,10,2,1,0,0,1,4,5,14,-14,28.0,1,0,26.0,1,51,51,51,30,58,11,64,51,15,51,36,41,1,5,57,39,39,46,45,61,39,51,42,58,60,63,1,2,63,1,29:42,1,0.316,0.308,0.238,93.5,116.1,-22.6,0.118,0.114,0.192,0.143,3.8,100.19,Victor Wembanyama,SAS
2025-26,1641705,Victor Wembanyama,Victor,1610612759,SAS,San Antonio Spurs,0022500611,2026-01-19T00:00:00,SAS vs. UTA,W,26.383333333333333,10,18,0.556,7,12,0.583,6,6,1.0,1,9,10,1,1,2,2,1,3,6,33,8,57.5,1,0,59.0,1,1,1,1,44,17,26,19,2,2,9,27,32,1,38,30,39,51,46,7,37,39,38,31,12,38,26,1,2,18,1,26:23,1,0.379,0.799,0.75,125.0,108.8,16.2,0.077,0.043,0.36,0.208,4.3,102.79,Victor Wembanyama,SAS
2025-26,1641705,Victor Wembanyama,Victor,1610612759,SAS,San Antonio Spurs,0022500598,2026-01-17T00:00:00,SAS vs. MIN,W,30.516666666666666,12,23,0.522,4,9,0.444,11,14,0.786,4,5,9,3,2,0,2,1,2,9,39,5,58.3,0,0,59.0,1,1,1,1,26,8,4,30,7,6,20,4,5,40,6,57,43,23,29,45,37,39,18,9,6,45,24,43,2,18,1,30:31,1,0.413,0.669,0.609,139.1,127.3,11.8,0.15,0.143,0.161,0.153,5.9,102.24,Victor Wembanyama,SAS
2025-26,1641705,Victor Wembanyama,Victor,1610612759,SAS,San Antonio Spurs,0022500582,2026-01-15T00:00:00,SAS vs. MIL,W,21.716666666666665,7,12,0.583,5,6,0.833,3,3,1.0,1,9,10,1,1,0,2,0,2,3,22,27,40.5,1,0,42.0,1,1,1,1,57,40,54,14,4,23,5,42,50,1,38,30,39,51,46,45,37,1,18,57,37,7,50,1,2,45,1,21:43,1,0.292,0.826,0.792,153.3,91.3,62.0,0.063,0.071,0.333,0.244,6.7,100.57,Victor Wembanyama,SAS
2025-26,1641705,Victor Wembanyama,Victor,1610612759,SAS,San Antonio Spurs,0022500568,2026-01-13T00:00:00,SAS @ OKC,L,27.733333333333334,7,15,0.467,0,1,0.0,3,6,0.5,4,3,7,1,1,0,1,2,2,7,17,-14,28.9,0,0,27.0,1,51,51,51,37,40,38,44,51,60,51,42,32,54,6,63,58,51,46,45,49,58,18,16,50,60,61,43,2,61,1,27:44,1,0.297,0.482,0.467,103.5,130.4,-26.8,0.077,0.143,0.143,0.143,5.0,97.79,Victor Wembanyama,SAS
2025-26,1641705,Victor Wembanyama,Victor,1610612759,SAS,San Antonio Spurs,0022500552,2026-01-11T00:00:00,SAS @ MIN,L,26.988333333333333,8,18,0.444,3,9,0.333,10,10,1.0,1,6,7,1,1,3,0,0,5,6,29,17,46.9,0,0,46.0,1,51,51,51,40,30,26,49,12,6,27,6,15,1,38,51,58,51,46,2,61,1,58,31,19,18,43,43,2,40,1,26:59,1,0.339,0.647,0.528,127.8,98.1,29.7,0.071,0.037,0.176,0.115,4.5,95.15,Victor Wembanyama,SAS
2025-26,1641705,Victor Wembanyama,Victor,1610612759,SAS,San Antonio Spurs,0022500545,2026-01-10T00:00:00,SAS @ BOS,W,26.416666666666668,8,17,0.471,1,4,0.25,4,4,1.0,0,6,6,1,0,0,3,1,0,4,21,15,38.7,0,0,35.0,1,1,1,1,43,30,29,40,33,38,37,36,41,1,55,51,61,51,57,45,28,39,1,48,41,22,54,43,2,53,1,26:25,1,0.286,0.56,0.5,114.5,88.9,25.7,0.063,0.0,0.194,0.097,0.0,99.03,Victor Wembanyama,SAS
2025-26,1641705,Victor Wembanyama,Victor,1610612759,SAS,San Antonio Spurs,0022500523,2026-01-07T00:00:00,SAS vs. LAL,W,25.965,7,15,0.467,0,3,0.0,2,4,0.5,1,13,14,2,4,2,4,0,3,4,16,9,49.8,1,0,44.0,1,1,1,1,49,40,38,44,51,45,51,51,41,54,38,9,17,39,8,7,18,1,38,48,53,37,39,1,2,43,1,25:58,1,0.356,0.477,0.467,101.9,83.6,18.2,0.118,0.043,0.371,0.241,17.4,100.75,Victor Wembanyama,SAS
2025-26,1641705,Victor Wembanyama,Victor,1610612759,SAS,San Antonio Spurs,0022500512,2026-01-06T00:00:00,SAS @ MEM,L,21.016666666666666,10,20,0.5,3,6,0.5,7,8,0.875,0,5,5,3,2,1,1,1,2,6,30,2,44.5,0,0,45.0,1,51,51,51,61,17,18,31,12,23,13,24,23,30,55,57,62,23,29,16,49,39,18,31,18,53,45,43,2,41,1,21:01,1,0.472,0.638,0.575,108.3,102.0,6.3,0.333,0.0,0.172,0.093,7.1,110.77,Victor Wembanyama,SAS
2025-26,1641705,Victor Wembanyama,Victor,1610612759,SAS,San Antonio Spurs,0022500467,2025-12-31T00:00:00,SAS vs. NYK,W,23.716666666666665,10,12,0.833,2,2,1.0,9,10,0.9,2,11,13,1,3,0,1,0,3,7,31,17,48.1,1,0,49.0,1,1,1,1,54,17,54,2,18,55,1,14,15,26,21,18,22,51,13,45,49,1,38,16,15,18,42,1,2,31,1,23:43,1,0.328,0.945,0.917,139.2,105.9,33.3,0.071,0.091,0.44,0.277,15.0,103.22,Victor Wembanyama,SAS
2025-26,1641705,Victor Wembanyama,Victor,1610612759,SAS,San Antonio Spurs,0022500456,2025-12-29T00:00:00,SAS vs. CLE,L,27.316666666666666,7,16,0.438,2,6,0.333,10,12,0.833,2,12,14,3,2,1,1,1,1,9,26,-17,51.3,1,0,49.0,1,51,51,51,39,40,33,51,18,23,27,6,6,33,21,14,17,23,29,16,49,39,6,9,27,64,35,1,2,31,1,27:19,1,0.338,0.611,0.5,87.1,116.4,-29.3,0.25,0.063,0.444,0.237,7.4,108.07,Victor Wembanyama,SAS
2025-26,1641705,Victor Wembanyama,Victor,1610612759,SAS,San Antonio Spurs,0022500440,2025-12-27T00:00:00,SAS vs. UTA,L,27.7,12,21,0.571,0,4,0.0,8,8,1.0,2,5,7,3,3,0,5,0,3,6,32,-6,56.9,0,0,52.0,1,51,51,51,38,8,11,16,51,38,51,21,23,1,21,57,58,23,13,45,6,1,38,31,13,56,27,43,2,27,1,27:42,1,0.38,0.653,0.571,122.0,132.2,-10.2,0.176,0.063,0.208,0.125,10.0,102.24,Victor Wembanyama,SAS
2025-26,1641705,Victor Wembanyama,Victor,1610612759,SAS,San Antonio Spurs,0022500010,2025-12-25T00:00:00,SAS @ OKC,W,25.805,6,12,0.5,2,3,0.667,5,5,1.0,1,10,11,2,3,1,1,0,2,4,19,13,38.2,1,0,38.0,1,1,1,1,51,50,54,31,18,45,6,33,39,1,38,23,33,39,13,16,49,1,18,48,45,30,55,1,2,50,1,25:48,1,0.298,0.669,0.583,111.5,88.2,23.3,0.133,0.042,0.286,0.186,15.8,95.8,Victor Wembanyama,SAS
2025-26,1641705,Victor Wembanyama,Victor,1610612759,SAS,San Antonio Spurs,0022500417,2025-12-23T00:00:00,SAS vs. OKC,W,23.14,5,9,0.556,1,1,1.0,1,2,0.5,3,2,5,3,3,0,0,0,3,1,12,13,19.5,0,0,21.0,1,1,1,1,55,58,61,19,33,60,1,59,57,54,9,64,62,23,13,45,61,1,38,62,60,30,64,43,2,64,1,23:08,1,0.271,0.607,0.611,127.3,95.6,31.7,0.188,0.176,0.095,0.132,18.8,92.31,Victor Wembanyama,SAS
2025-26,1641705,Victor Wembanyama,Victor,1610612759,SAS,San Antonio Spurs,0022500399,2025-12-21T00:00:00,SAS @ WAS,W,21.5,6,13,0.462,0,3,0.0,2,3,0.667,2,10,12,2,2,0,2,1,1,2,14,5,35.4,1,0,32.0,1,1,1,1,59,50,51,47,51,45,51,51,50,49,21,23,26,39,29,45,37,39,6,59,58,45,56,1,2,58,1,21:30,1,0.267,0.489,0.462,119.6,108.7,10.9,0.143,0.067,0.435,0.226,11.1,102.7,Victor Wembanyama,SAS
2025-26,1641705,Victor Wembanyama,Victor,1610612759,SAS,San Antonio Spurs,0022500383,2025-12-19T00:00:00,SAS @ ATL,W,21.466666666666665,10,15,0.667,2,4,0.5,4,7,0.571,3,9,12,3,2,1,2,0,1,7,26,29,51.9,1,0,49.0,1,1,1,1,60,17,38,6,18,38,13,36,30,53,9,30,26,23,29,16,37,1,6,16,27,6,33,1,2,31,1,21:28,1,0.37,0.719,0.733,134.7,75.5,59.2,0.188,0.158,0.346,0.267,8.7,109.57,Victor Wembanyama,SAS
2025-26,1641705,Victor Wembanyama,Victor,1610612759,SAS,San Antonio Spurs,0022500370,2025-12-18T00:00:00,SAS vs. WAS,W,17.3,6,11,0.545,1,3,0.333,2,2,1.0,2,6,8,4,2,0,4,1,1,2,15,14,40.6,0,0,36.0,1,1,1,1,63,50,58,23,33,45,27,51,57,1,21,51,47,12,29,45,18,39,6,59,57,25,49,43,2,51,1,17:18,1,0.326,0.631,0.591,125.0,86.1,38.9,0.4,0.118,0.24,0.19,11.1,99.88,Victor Wembanyama,SAS
2025-26,1641705,Victor Wembanyama,Victor,1610612759,SAS,San Antonio Spurs,0022501230,2025-12-13T00:00:00,SAS @ OKC,W,20.65,6,11,0.545,1,1,1.0,9,12,0.75,2,7,9,2,5,1,2,2,2,10,22,21,39.8,0,0,40.0,1,1,1,1,62,50,58,23,33,60,1,14,6,41,21,46,43,39,5,16,37,58,18,6,37,12,52,43,2,48,1,20:39,1,0.386,0.676,0.591,127.1,83.3,43.8,0.182,0.091,0.241,0.176,20.8,111.57,Victor Wembanyama,SAS
2025-26,1641705,Victor Wembanyama,Victor,1610612759,SAS,San Antonio Spurs,0022500047,2025-11-14T00:00:00,SAS vs. GSW,L,38.233333333333334,10,21,0.476,3,8,0.375,3,3,1.0,3,9,12,4,3,1,3,1,1,7,26,6,55.4,1,0,53.0,1,51,51,51,4,17,11,39,12,14,26,42,50,1,9,30,26,12,13,16,28,39,6,16,27,42,29,1,2,25,1,38:14,1,0.269,0.582,0.548,118.2,111.8,6.3,0.167,0.079,0.205,0.146,10.3,96.04,Victor Wembanyama,SAS
2025-26,1641705,Victor Wembanyama,Victor,1610612759,SAS,San Antonio Spurs,0022500220,2025-11-12T00:00:00,SAS vs. GSW,L,36.35,11,22,0.5,3,7,0.429,6,6,1.0,6,9,15,10,8,0,1,0,5,5,31,-9,59.0,1,1,61.0,1,51,51,51,8,11,8,31,12,15,22,27,32,1,2,30,10,1,1,45,49,1,58,42,15,57,22,1,1,14,1,36:21,1,0.355,0.629,0.568,111.1,120.7,-9.6,0.476,0.158,0.225,0.192,18.6,107.62,Victor Wembanyama,SAS
2025-26,1641705,Victor Wembanyama,Victor,1610612759,SAS,San Antonio Spurs,0022500202,2025-11-10T00:00:00,SAS @ CHI,W,35.916666666666664,11,19,0.579,6,9,0.667,10,10,1.0,1,11,12,5,3,1,5,0,4,7,38,13,74.9,1,0,73.0,1,1,1,1,9,11,24,15,3,6,6,6,15,1,38,18,26,9,13,16,6,1,51,16,8,30,7,1,2,1,1,35:55,1,0.31,0.812,0.737,120.8,102.6,18.2,0.238,0.03,0.256,0.158,9.7,103.57,Victor Wembanyama,SAS
2025-26,1641705,Victor Wembanyama,Victor,1610612759,SAS,San Antonio Spurs,0022500188,2025-11-08T00:00:00,SAS vs. NOP,W,32.45,8,19,0.421,2,9,0.222,0,0,0.0,0,18,18,3,5,1,3,0,2,6,18,5,51.1,1,0,49.0,1,1,1,1,19,30,24,55,18,6,40,63,63,63,55,1,1,23,5,16,28,1,18,31,48,45,36,1,2,31,1,32:27,1,0.304,0.474,0.474,117.4,110.1,7.2,0.136,0.0,0.474,0.269,18.5,102.06,Victor Wembanyama,SAS
2025-26,1641705,Victor Wembanyama,Victor,1610612759,SAS,San Antonio Spurs,0022500032,2025-11-07T00:00:00,SAS vs. HOU,W,37.2,8,16,0.5,0,2,0.0,6,6,1.0,1,7,8,4,4,1,2,0,5,5,22,5,42.6,0,0,40.0,1,1,1,1,5,30,33,31,51,55,51,27,32,1,38,46,47,12,8,16,37,1,58,42,37,45,47,43,2,48,1,37:12,1,0.24,0.59,0.5,120.0,115.2,4.8,0.16,0.026,0.189,0.107,14.8,102.58,Victor Wembanyama,SAS
2025-26,1641705,Victor Wembanyama,Victor,1610612759,SAS,San Antonio Spurs,0022500179,2025-11-05T00:00:00,SAS @ LAL,L,32.68333333333333,5,14,0.357,0,2,0.0,9,11,0.818,2,6,8,3,5,1,1,0,6,7,19,-2,34.1,0,0,34.0,1,51,51,51,17,58,45,59,51,55,51,14,11,36,21,51,47,23,5,16,49,1,63,16,45,54,58,43,2,55,1,32:41,1,0.32,0.504,0.357,110.1,114.7,-4.6,0.176,0.074,0.182,0.133,18.5,100.6,Victor Wembanyama,SAS
2025-26,1641705,Victor Wembanyama,Victor,1610612759,SAS,San Antonio Spurs,0022500154,2025-11-02T00:00:00,SAS @ PHX,L,34.45,4,14,0.286,1,5,0.2,0,0,0.0,2,7,9,2,6,1,4,1,4,4,9,-3,31.8,0,0,31.0,1,51,51,51,12,61,45,62,33,33,43,63,63,63,21,46,43,39,3,16,18,39,51,48,64,55,59,43,2,59,1,34:27,1,0.238,0.321,0.321,105.5,111.1,-5.6,0.08,0.056,0.241,0.138,27.3,101.02,Victor Wembanyama,SAS
2025-26,1641705,Victor Wembanyama,Victor,1610612759,SAS,San Antonio Spurs,0022500141,2025-10-30T00:00:00,SAS vs. MIA,W,39.68833333333333,10,23,0.435,1,5,0.2,6,8,0.75,2,16,18,6,3,1,5,1,3,8,27,3,72.6,1,0,64.0,1,1,1,1,1,17,4,52,33,33,43,27,23,41,21,3,1,4,13,16,6,39,38,12,25,51,9,1,2,11,1,39:41,1,0.33,0.509,0.457,106.0,100.0,6.0,0.273,0.049,0.356,0.209,8.3,101.59,Victor Wembanyama,SAS
2025-26,1641705,Victor Wembanyama,Victor,1610612759,SAS,San Antonio Spurs,0022500118,2025-10-27T00:00:00,SAS vs. TOR,W,30.65,7,8,0.875,0,0,0.0,10,10,1.0,2,13,15,4,4,1,1,0,1,7,24,35,50.0,1,0,47.0,1,1,1,1,24,40,63,1,51,64,51,6,15,1,21,9,10,12,8,16,49,1,6,16,35,2,38,1,2,37,1,30:39,1,0.236,0.968,0.875,120.9,71.9,49.0,0.222,0.111,0.371,0.283,19.0,102.58,Victor Wembanyama,SAS
2025-26,1641705,Victor Wembanyama,Victor,1610612759,SAS,San Antonio Spurs,0022500105,2025-10-26T00:00:00,SAS vs. BKN,W,36.46666666666667,9,21,0.429,3,6,0.5,10,15,0.667,1,13,14,4,2,3,6,0,3,14,31,13,78.8,1,0,70.0,1,1,1,1,7,24,11,53,12,23,13,6,2,49,38,9,17,12,29,2,3,1,38,1,15,30,2,1,2,5,1,36:28,1,0.337,0.562,0.5,118.2,102.6,15.6,0.19,0.03,0.325,0.192,5.9,100.69,Victor Wembanyama,SAS
2025-26,1641705,Victor Wembanyama,Victor,1610612759,SAS,San Antonio Spurs,0022500095,2025-10-24T00:00:00,SAS @ NOP,W,32.29833333333333,13,23,0.565,0,3,0.0,3,4,0.75,3,8,11,2,0,1,9,0,6,7,29,-12,75.2,1,0,62.0,1,1,1,1,20,5,4,17,51,45,51,42,41,41,9,39,33,39,57,16,1,1,63,16,19,58,6,1,2,13,1,32:18,1,0.316,0.586,0.565,98.4,117.5,-19.0,0.143,0.079,0.211,0.145,0.0,93.63,Victor Wembanyama,SAS
2025-26,1641705,Victor Wembanyama,Victor,1610612759,SAS,San Antonio Spurs,0022500004,2025-10-22T00:00:00,SAS @ DAL,W,29.678333333333335,15,21,0.714,1,2,0.5,9,11,0.818,1,14,15,1,0,1,3,0,4,11,40,31,71.5,1,0,65.0,1,1,1,1,31,3,11,4,33,55,13,14,11,36,38,6,10,51,57,16,28,1,51,4,3,5,10,1,2,10,1,29:41,1,0.362,0.774,0.738,126.6,80.6,45.9,0.059,0.038,0.4,0.246,0.0,101.89,Victor Wembanyama,SAS
2025-26,1628983,Shai Gilgeous-Alexander,Shai,1610612760,OKC,Oklahoma City Thunder,0022501163,2026-04-08T00:00:00,OKC @ LAC,W,30.283333333333335,9,17,0.529,2,6,0.333,0,1,0.0,0,1,1,11,3,1,1,1,1,3,20,10,40.7,1,0,38.0,1,1,1,1,43,47,48,43,18,10,33,68,68,68,29,62,63,4,13,30,14,31,9,56,63,35,56,1,1,58,1,30:17,1,0.294,0.573,0.588,125.8,107.9,17.9,0.524,0.0,0.026,0.015,9.7,99.06,Shai Gilgeous-Alexander,OKC
2025-26,1628983,Shai Gilgeous-Alexander,Shai,1610612760,OKC,Oklahoma City Thunder,0022501155,2026-04-07T00:00:00,OKC @ LAL,W,28.035,10,15,0.667,2,2,1.0,3,3,1.0,1,0,1,8,3,2,0,1,2,2,25,32,41.2,0,0,40.0,1,1,1,1,64,37,52,16,18,57,1,61,62,1,10,67,63,12,13,9,34,31,21,65,54,3,55,9,1,51,1,28:02,1,0.322,0.766,0.733,141.5,78.2,63.3,0.471,0.048,0.0,0.021,11.1,92.46,Shai Gilgeous-Alexander,OKC
2025-26,1628983,Shai Gilgeous-Alexander,Shai,1610612760,OKC,Oklahoma City Thunder,0022501139,2026-04-05T00:00:00,OKC vs. UTA,W,23.616666666666667,7,10,0.7,2,3,0.667,4,5,0.8,0,4,4,7,3,1,0,0,0,4,20,26,35.3,0,0,35.0,1,1,1,1,68,62,66,12,18,44,12,51,50,53,29,26,33,24,13,30,34,1,1,48,63,9,65,9,1,63,1,23:37,1,0.254,0.82,0.8,147.3,98.2,49.1,0.304,0.0,0.138,0.085,13.6,112.8,Shai Gilgeous-Alexander,OKC
2025-26,1628983,Shai Gilgeous-Alexander,Shai,1610612760,OKC,Oklahoma City Thunder,0022501116,2026-04-02T00:00:00,OKC vs. LAL,W,29.786666666666665,12,25,0.48,1,4,0.25,3,3,1.0,2,5,7,7,1,0,0,2,2,2,28,35,45.9,0,0,43.0,1,1,1,1,47,16,11,52,35,32,46,61,62,1,2,11,7,24,45,55,34,55,21,65,47,2,44,9,1,43,1,29:47,1,0.365,0.532,0.5,145.3,87.9,57.4,0.304,0.065,0.167,0.115,2.9,104.74,Shai Gilgeous-Alexander,OKC
2025-26,1628983,Shai Gilgeous-Alexander,Shai,1610612760,OKC,Oklahoma City Thunder,0022501097,2026-03-30T00:00:00,OKC vs. DET,W,40.53333333333333,12,19,0.632,2,3,0.667,21,25,0.84,2,3,5,3,4,2,0,4,4,16,47,8,59.5,0,0,61.0,1,1,1,1,4,16,35,22,18,44,12,2,2,45,2,36,18,63,6,9,34,67,62,1,2,43,15,9,1,7,1,40:32,1,0.378,0.783,0.684,110.8,101.2,9.6,0.167,0.059,0.058,0.058,10.8,98.29,Shai Gilgeous-Alexander,OKC
2025-26,1628983,Shai Gilgeous-Alexander,Shai,1610612760,OKC,Oklahoma City Thunder,0022501089,2026-03-29T00:00:00,OKC vs. NYK,W,36.81666666666667,8,18,0.444,1,3,0.333,13,16,0.813,1,2,3,4,4,1,0,2,2,8,30,13,38.6,0,0,40.0,1,1,1,1,10,53,43,58,35,44,33,7,6,52,10,46,42,55,6,30,34,55,21,13,33,29,62,9,1,51,1,36:49,1,0.345,0.599,0.472,127.1,107.0,20.1,0.2,0.029,0.059,0.044,12.1,91.91,Shai Gilgeous-Alexander,OKC
2025-26,1628983,Shai Gilgeous-Alexander,Shai,1610612760,OKC,Oklahoma City Thunder,0022501070,2026-03-27T00:00:00,OKC vs. CHI,W,29.483333333333334,8,24,0.333,0,10,0.0,9,12,0.75,0,2,2,5,1,0,3,0,1,6,25,10,42.9,0,0,38.0,1,1,1,1,49,53,12,66,62,1,62,23,16,62,29,46,53,44,45,55,2,1,9,28,54,35,48,9,1,58,1,29:29,1,0.385,0.427,0.333,119.0,103.2,15.9,0.263,0.0,0.054,0.025,2.9,102.57,Shai Gilgeous-Alexander,OKC
2025-26,1628983,Shai Gilgeous-Alexander,Shai,1610612760,OKC,Oklahoma City Thunder,0022501054,2026-03-25T00:00:00,OKC @ BOS,L,36.96,10,12,0.833,3,4,0.75,10,12,0.833,0,2,2,8,2,2,0,0,3,9,33,1,51.4,0,0,50.0,1,57,57,57,9,37,62,3,3,32,8,17,16,46,29,46,53,12,32,9,34,1,46,8,23,58,29,9,1,28,1,36:58,1,0.253,0.955,0.958,118.4,117.1,1.3,0.4,0.0,0.051,0.027,7.1,98.7,Shai Gilgeous-Alexander,OKC
2025-26,1628983,Shai Gilgeous-Alexander,Shai,1610612760,OKC,Oklahoma City Thunder,0022501040,2026-03-23T00:00:00,OKC @ PHI,W,29.05,9,13,0.692,1,4,0.25,3,3,1.0,0,5,5,5,5,1,2,1,2,2,22,13,39.5,0,0,39.0,1,1,1,1,53,47,60,13,35,32,46,61,62,1,29,11,18,44,1,30,6,31,21,65,60,29,57,9,1,54,1,29:03,1,0.279,0.768,0.731,132.8,111.5,21.3,0.227,0.0,0.147,0.083,20.8,100.79,Shai Gilgeous-Alexander,OKC
2025-26,1628983,Shai Gilgeous-Alexander,Shai,1610612760,OKC,Oklahoma City Thunder,0022501022,2026-03-21T00:00:00,OKC @ WAS,W,31.816666666666666,17,27,0.63,1,2,0.5,5,8,0.625,1,2,3,7,3,1,0,1,3,7,40,11,54.1,0,0,53.0,1,1,1,1,41,1,4,25,35,57,21,47,34,67,10,46,42,24,13,30,34,31,46,19,5,34,25,9,1,21,1,31:49,1,0.4,0.655,0.648,129.0,114.7,14.3,0.389,0.037,0.056,0.048,7.7,103.34,Shai Gilgeous-Alexander,OKC
2025-26,1628983,Shai Gilgeous-Alexander,Shai,1610612760,OKC,Oklahoma City Thunder,0022501000,2026-03-18T00:00:00,OKC @ BKN,W,25.566666666666666,8,9,0.889,0,0,0.0,4,5,0.8,1,2,3,6,0,3,0,0,2,4,20,27,41.6,0,0,35.0,1,1,1,1,67,53,67,1,62,68,62,51,50,53,10,46,42,33,60,5,34,1,21,48,63,7,53,9,1,63,1,25:34,1,0.177,0.893,0.889,117.9,69.6,48.2,0.353,0.05,0.065,0.059,0.0,105.14,Shai Gilgeous-Alexander,OKC
2025-26,1628983,Shai Gilgeous-Alexander,Shai,1610612760,OKC,Oklahoma City Thunder,0022500992,2026-03-17T00:00:00,OKC @ ORL,W,35.61666666666667,14,27,0.519,3,5,0.6,9,11,0.818,0,5,5,2,3,4,0,1,2,8,40,-4,58.0,0,0,58.0,1,1,1,1,22,6,4,46,3,20,16,23,22,51,29,11,18,68,13,1,34,31,21,13,5,63,19,9,1,11,1,35:37,1,0.393,0.628,0.574,110.8,114.7,-3.9,0.154,0.0,0.116,0.06,8.1,100.4,Shai Gilgeous-Alexander,OKC
2025-26,1628983,Shai Gilgeous-Alexander,Shai,1610612760,OKC,Oklahoma City Thunder,0022500976,2026-03-15T00:00:00,OKC vs. MIN,W,33.233333333333334,7,22,0.318,2,4,0.5,4,5,0.8,1,2,3,10,1,2,1,2,3,3,20,3,46.6,1,0,41.0,1,1,1,1,38,62,18,68,18,32,21,51,50,53,10,46,42,7,45,9,14,55,46,56,63,51,41,1,1,47,1,33:14,1,0.305,0.413,0.364,108.5,105.7,2.7,0.526,0.025,0.063,0.042,2.9,101.83,Shai Gilgeous-Alexander,OKC
2025-26,1628983,Shai Gilgeous-Alexander,Shai,1610612760,OKC,Oklahoma City Thunder,0022500959,2026-03-12T00:00:00,OKC vs. BOS,W,39.083333333333336,13,18,0.722,2,5,0.4,7,8,0.875,1,5,6,9,4,2,3,0,2,5,35,14,66.7,0,0,62.0,1,1,1,1,5,11,43,9,18,20,31,32,34,38,10,11,11,8,6,9,2,1,21,36,15,26,4,9,1,4,1,39:05,1,0.302,0.813,0.778,124.7,105.5,19.2,0.429,0.026,0.106,0.071,11.4,89.65,Shai Gilgeous-Alexander,OKC
2025-26,1628983,Shai Gilgeous-Alexander,Shai,1610612760,OKC,Oklahoma City Thunder,0022500933,2026-03-09T00:00:00,OKC vs. DEN,W,38.95,14,21,0.667,3,7,0.429,4,4,1.0,1,8,9,15,0,1,1,2,3,5,35,2,74.3,1,0,66.0,1,1,1,1,6,6,25,16,3,5,29,51,57,1,10,3,2,1,60,30,14,55,46,36,15,54,2,1,1,2,1,38:57,1,0.244,0.769,0.738,134.5,133.7,0.8,0.556,0.025,0.182,0.107,0.0,102.9,Shai Gilgeous-Alexander,OKC
2025-26,1628983,Shai Gilgeous-Alexander,Shai,1610612760,OKC,Oklahoma City Thunder,0022500920,2026-03-07T00:00:00,OKC vs. GSW,W,35.0,6,15,0.4,1,4,0.25,14,15,0.933,0,5,5,5,4,1,1,0,1,9,27,3,42.5,0,0,42.0,1,1,1,1,30,66,52,60,35,32,46,5,7,26,29,11,18,44,6,30,14,1,9,8,50,51,50,9,1,44,1,35:00,1,0.329,0.625,0.433,105.6,102.9,2.8,0.278,0.0,0.122,0.068,12.9,96.69,Shai Gilgeous-Alexander,OKC
2025-26,1628983,Shai Gilgeous-Alexander,Shai,1610612760,OKC,Oklahoma City Thunder,0022500893,2026-03-04T00:00:00,OKC @ NYK,W,35.46666666666667,9,16,0.563,1,1,1.0,7,7,1.0,0,3,3,8,3,1,0,1,3,7,26,6,41.6,0,0,40.0,1,1,1,1,26,47,50,33,35,66,1,32,40,1,29,36,42,12,13,30,34,31,46,19,52,48,53,9,1,51,1,35:28,1,0.282,0.681,0.594,108.0,98.7,9.3,0.471,0.0,0.07,0.041,10.0,102.18,Shai Gilgeous-Alexander,OKC
2025-26,1628983,Shai Gilgeous-Alexander,Shai,1610612760,OKC,Oklahoma City Thunder,0022500876,2026-03-01T00:00:00,OKC @ DAL,W,33.471666666666664,12,20,0.6,1,5,0.2,5,6,0.833,0,4,4,5,3,4,0,0,2,5,30,13,51.3,0,0,48.0,1,1,1,1,35,16,28,29,35,20,53,47,45,46,29,26,33,44,13,1,34,1,21,36,33,29,30,9,1,32,1,33:28,1,0.325,0.663,0.625,93.2,80.0,13.2,0.294,0.0,0.093,0.051,9.7,103.25,Shai Gilgeous-Alexander,OKC
2025-26,1628983,Shai Gilgeous-Alexander,Shai,1610612760,OKC,Oklahoma City Thunder,0022500862,2026-02-27T00:00:00,OKC vs. DEN,W,33.766666666666666,12,29,0.414,0,3,0.0,12,13,0.923,0,3,3,9,1,2,2,3,0,7,36,16,64.1,0,0,56.0,1,1,1,1,32,16,2,59,62,44,62,11,10,28,29,36,42,8,45,9,6,66,1,19,14,22,9,9,1,14,1,33:46,1,0.45,0.518,0.414,118.3,98.6,19.8,0.45,0.0,0.071,0.039,2.2,99.51,Shai Gilgeous-Alexander,OKC
2025-26,1628983,Shai Gilgeous-Alexander,Shai,1610612760,OKC,Oklahoma City Thunder,0022500723,2026-02-03T00:00:00,OKC vs. ORL,W,27.8,8,22,0.364,1,3,0.333,3,4,0.75,3,2,5,9,3,2,0,0,2,4,20,23,42.5,0,0,39.0,1,1,1,1,65,53,18,63,35,44,33,61,57,62,1,46,18,8,13,9,34,1,21,48,63,15,50,9,1,54,1,27:48,1,0.38,0.421,0.386,128.1,89.3,38.8,0.45,0.1,0.059,0.078,8.3,97.55,Shai Gilgeous-Alexander,OKC
2025-26,1628983,Shai Gilgeous-Alexander,Shai,1610612760,OKC,Oklahoma City Thunder,0022500711,2026-02-01T00:00:00,OKC @ DEN,W,33.43333333333333,11,16,0.688,1,2,0.5,11,13,0.846,1,4,5,13,4,2,1,1,2,7,34,22,64.5,1,0,59.0,1,1,1,1,36,30,50,14,35,57,21,14,10,43,10,26,18,2,6,9,14,31,21,19,21,16,7,1,1,9,1,33:26,1,0.338,0.783,0.719,141.7,111.1,30.6,0.565,0.043,0.125,0.091,10.3,103.37,Shai Gilgeous-Alexander,OKC
2025-26,1628983,Shai Gilgeous-Alexander,Shai,1610612760,OKC,Oklahoma City Thunder,0022500686,2026-01-29T00:00:00,OKC @ MIN,L,31.416666666666668,12,18,0.667,1,2,0.5,5,5,1.0,0,6,6,8,5,1,0,2,3,4,30,-22,47.2,0,0,47.0,1,57,57,57,42,16,43,16,35,57,21,47,50,1,29,6,11,12,1,30,34,55,46,48,33,68,40,9,1,36,1,31:25,1,0.333,0.743,0.694,101.5,133.3,-31.8,0.571,0.0,0.176,0.095,15.2,100.07,Shai Gilgeous-Alexander,OKC
2025-26,1628983,Shai Gilgeous-Alexander,Shai,1610612760,OKC,Oklahoma City Thunder,0022500667,2026-01-27T00:00:00,OKC vs. NOP,W,35.82833333333333,8,22,0.364,0,3,0.0,13,14,0.929,1,5,6,4,3,0,0,1,3,9,29,14,39.2,0,0,39.0,1,1,1,1,16,53,18,63,62,44,62,7,8,27,10,11,11,55,13,55,34,31,46,8,44,26,59,9,1,54,1,35:50,1,0.356,0.515,0.364,116.4,95.9,20.5,0.19,0.023,0.1,0.065,8.6,98.47,Shai Gilgeous-Alexander,OKC
2025-26,1628983,Shai Gilgeous-Alexander,Shai,1610612760,OKC,Oklahoma City Thunder,0022500653,2026-01-25T00:00:00,OKC vs. TOR,L,35.196666666666665,8,11,0.727,0,1,0.0,8,10,0.8,0,3,3,6,2,1,2,1,2,7,24,-3,43.6,0,0,39.0,1,57,57,57,29,53,64,8,62,66,62,26,24,53,29,36,42,33,32,30,6,31,21,19,57,62,47,9,1,54,1,35:12,1,0.231,0.779,0.727,104.1,106.8,-2.6,0.375,0.0,0.083,0.042,8.3,100.24,Shai Gilgeous-Alexander,OKC
2025-26,1628983,Shai Gilgeous-Alexander,Shai,1610612760,OKC,Oklahoma City Thunder,0022500641,2026-01-23T00:00:00,OKC vs. IND,L,34.7,17,28,0.607,1,4,0.25,12,12,1.0,1,3,4,4,1,1,1,0,2,10,47,4,62.8,0,0,60.0,1,57,57,57,31,1,3,28,35,32,46,11,16,1,10,36,33,55,45,30,14,1,21,5,2,50,10,9,1,8,1,34:42,1,0.42,0.706,0.625,121.6,116.2,5.4,0.286,0.029,0.083,0.057,2.6,102.36,Shai Gilgeous-Alexander,OKC
2025-26,1628983,Shai Gilgeous-Alexander,Shai,1610612760,OKC,Oklahoma City Thunder,0022500625,2026-01-21T00:00:00,OKC @ MIL,W,33.333333333333336,16,19,0.842,2,2,1.0,6,7,0.857,2,5,7,11,2,1,0,0,0,5,40,19,65.9,1,0,62.0,1,1,1,1,37,3,35,2,18,57,1,43,40,42,2,11,7,4,32,30,34,1,1,36,5,19,5,1,1,4,1,33:20,1,0.308,0.906,0.895,126.4,101.4,25.0,0.524,0.065,0.152,0.109,5.7,102.96,Shai Gilgeous-Alexander,OKC
2025-26,1628983,Shai Gilgeous-Alexander,Shai,1610612760,OKC,Oklahoma City Thunder,0022500015,2026-01-19T00:00:00,OKC @ CLE,W,33.666666666666664,12,20,0.6,1,4,0.25,5,5,1.0,0,1,1,3,0,1,2,1,2,5,30,17,44.7,0,0,41.0,1,1,1,1,33,16,28,29,35,32,46,47,50,1,29,62,63,63,60,30,6,31,21,36,33,21,45,9,1,47,1,33:40,1,0.272,0.676,0.625,118.2,96.1,22.1,0.136,0.0,0.023,0.013,0.0,109.78,Shai Gilgeous-Alexander,OKC
2025-26,1628983,Shai Gilgeous-Alexander,Shai,1610612760,OKC,Oklahoma City Thunder,0022500597,2026-01-17T00:00:00,OKC @ MIA,L,36.265,12,19,0.632,2,3,0.667,13,13,1.0,2,2,4,3,2,1,0,0,4,7,39,-1,49.3,0,0,50.0,1,57,57,57,13,16,35,22,18,44,12,7,10,1,2,46,33,63,32,30,34,1,62,19,9,60,35,9,1,28,1,36:16,1,0.325,0.789,0.684,125.6,128.6,-2.9,0.136,0.069,0.042,0.052,6.7,102.58,Shai Gilgeous-Alexander,OKC
2025-26,1628983,Shai Gilgeous-Alexander,Shai,1610612760,OKC,Oklahoma City Thunder,0022500581,2026-01-15T00:00:00,OKC @ HOU,W,32.65,6,11,0.545,1,3,0.333,7,8,0.875,0,2,2,4,5,0,2,0,1,4,20,15,29.4,0,0,31.0,1,1,1,1,39,66,64,38,35,44,33,32,34,38,29,46,53,55,1,55,6,1,9,48,63,25,68,9,1,68,1,32:39,1,0.26,0.689,0.591,109.0,85.3,23.7,0.211,0.0,0.039,0.024,21.7,99.23,Shai Gilgeous-Alexander,OKC
2025-26,1628983,Shai Gilgeous-Alexander,Shai,1610612760,OKC,Oklahoma City Thunder,0022500568,2026-01-13T00:00:00,OKC vs. SAS,W,33.666666666666664,11,23,0.478,1,4,0.25,11,13,0.846,0,5,5,5,2,0,4,1,2,9,34,29,57.5,0,0,53.0,1,1,1,1,33,30,16,53,35,32,46,14,10,43,29,11,18,44,32,55,1,31,21,8,21,5,20,9,1,21,1,33:40,1,0.38,0.592,0.5,139.1,97.1,42.0,0.208,0.0,0.125,0.07,5.7,98.38,Shai Gilgeous-Alexander,OKC
2025-26,1628983,Shai Gilgeous-Alexander,Shai,1610612760,OKC,Oklahoma City Thunder,0022500553,2026-01-11T00:00:00,OKC vs. MIA,W,31.97,10,19,0.526,2,6,0.333,7,9,0.778,1,4,5,8,3,1,1,1,4,6,29,8,50.0,0,0,48.0,1,1,1,1,40,37,35,44,18,10,33,32,28,60,10,26,18,12,13,30,14,31,62,28,44,43,33,9,1,32,1,31:58,1,0.313,0.632,0.579,125.0,113.9,11.1,0.348,0.03,0.16,0.086,8.8,108.1,Shai Gilgeous-Alexander,OKC
2025-26,1628983,Shai Gilgeous-Alexander,Shai,1610612760,OKC,Oklahoma City Thunder,0022500525,2026-01-07T00:00:00,OKC vs. UTA,W,41.96666666666667,14,26,0.538,1,8,0.125,17,19,0.895,0,6,6,6,0,1,1,0,1,12,46,9,68.2,0,0,63.0,1,1,1,1,3,6,6,40,35,4,60,3,3,32,29,6,11,33,60,30,14,1,9,3,4,40,3,9,1,3,1,41:58,1,0.306,0.669,0.558,107.4,100.0,7.4,0.273,0.0,0.109,0.056,0.0,107.51,Shai Gilgeous-Alexander,OKC
2025-26,1628983,Shai Gilgeous-Alexander,Shai,1610612760,OKC,Oklahoma City Thunder,0022500506,2026-01-05T00:00:00,OKC vs. CHA,L,29.566666666666666,7,21,0.333,1,6,0.167,6,6,1.0,0,2,2,6,2,0,1,2,2,3,21,-20,33.4,0,0,32.0,1,57,57,57,48,62,25,66,35,10,57,43,45,1,29,46,53,33,32,55,14,55,21,56,62,67,66,9,1,66,1,29:34,1,0.377,0.444,0.357,108.5,142.4,-33.9,0.353,0.0,0.08,0.035,6.3,95.78,Shai Gilgeous-Alexander,OKC
2025-26,1628983,Shai Gilgeous-Alexander,Shai,1610612760,OKC,Oklahoma City Thunder,0022500499,2026-01-04T00:00:00,OKC @ PHX,L,35.641666666666666,8,22,0.364,1,5,0.2,8,9,0.889,0,0,0,6,3,0,0,0,3,5,25,-5,31.0,0,0,32.0,1,57,57,57,21,53,18,63,35,20,53,26,28,33,29,67,68,33,13,55,34,1,46,36,54,64,67,9,1,66,1,35:39,1,0.373,0.482,0.386,106.9,115.5,-8.5,0.316,0.0,0.0,0.0,8.8,96.29,Shai Gilgeous-Alexander,OKC
2025-26,1628983,Shai Gilgeous-Alexander,Shai,1610612760,OKC,Oklahoma City Thunder,0022500484,2026-01-02T00:00:00,OKC @ GSW,W,28.183333333333334,10,20,0.5,3,5,0.6,7,7,1.0,0,1,1,7,3,0,0,2,1,5,30,26,38.7,0,0,41.0,1,1,1,1,63,37,28,47,3,20,16,32,40,1,29,62,63,24,13,55,34,55,9,36,33,9,61,9,1,47,1,28:11,1,0.361,0.65,0.575,125.4,84.1,41.3,0.368,0.0,0.028,0.016,9.1,107.3,Shai Gilgeous-Alexander,OKC
2025-26,1628983,Shai Gilgeous-Alexander,Shai,1610612760,OKC,Oklahoma City Thunder,0022500470,2025-12-31T00:00:00,OKC vs. POR,W,28.583333333333332,11,15,0.733,1,2,0.5,7,7,1.0,0,2,2,6,0,4,0,0,3,3,30,22,53.4,0,0,47.0,1,1,1,1,60,30,52,6,35,57,21,32,40,1,29,46,53,33,60,1,34,1,46,56,33,16,26,9,1,36,1,28:35,1,0.261,0.83,0.767,122.2,87.3,34.9,0.353,0.0,0.067,0.034,0.0,105.8,Shai Gilgeous-Alexander,OKC
2025-26,1628983,Shai Gilgeous-Alexander,Shai,1610612760,OKC,Oklahoma City Thunder,0022500455,2025-12-29T00:00:00,OKC vs. ATL,W,35.88333333333333,15,24,0.625,2,5,0.4,7,7,1.0,1,5,6,6,3,2,0,1,1,7,39,16,58.2,0,0,57.0,1,1,1,1,15,4,12,26,18,20,31,32,40,1,10,11,11,33,13,9,34,31,9,19,9,22,18,9,1,13,1,35:53,1,0.323,0.72,0.667,129.3,109.8,19.5,0.24,0.031,0.116,0.08,8.3,109.69,Shai Gilgeous-Alexander,OKC
2025-26,1628983,Shai Gilgeous-Alexander,Shai,1610612760,OKC,Oklahoma City Thunder,0022500442,2025-12-28T00:00:00,OKC vs. PHI,W,29.016666666666666,10,13,0.769,0,2,0.0,7,9,0.778,0,2,2,5,1,2,0,0,0,5,27,19,41.9,0,0,38.0,1,1,1,1,56,37,60,5,62,57,62,32,28,60,29,46,53,44,45,9,34,1,1,36,50,19,52,9,1,58,1,29:01,1,0.254,0.796,0.769,129.7,103.2,26.5,0.208,0.0,0.077,0.043,4.3,104.22,Shai Gilgeous-Alexander,OKC
2025-26,1628983,Shai Gilgeous-Alexander,Shai,1610612760,OKC,Oklahoma City Thunder,0022500010,2025-12-25T00:00:00,OKC vs. SAS,L,36.13333333333333,7,19,0.368,1,6,0.167,7,8,0.875,1,5,6,4,0,1,0,1,2,4,22,-15,38.2,0,0,35.0,1,57,57,57,14,62,35,62,35,10,57,32,34,38,10,11,11,55,60,30,34,31,21,48,60,65,64,9,1,63,1,36:08,1,0.247,0.488,0.395,106.6,129.7,-23.2,0.174,0.022,0.147,0.076,0.0,99.63,Shai Gilgeous-Alexander,OKC
2025-26,1628983,Shai Gilgeous-Alexander,Shai,1610612760,OKC,Oklahoma City Thunder,0022500417,2025-12-23T00:00:00,OKC @ SAS,L,35.49666666666667,14,22,0.636,1,4,0.25,4,5,0.8,1,2,3,8,2,0,0,1,2,4,33,-17,46.6,0,0,45.0,1,57,57,57,25,6,18,21,35,32,46,51,50,53,10,46,42,12,32,55,34,31,21,48,23,66,41,9,1,41,1,35:30,1,0.329,0.682,0.659,114.3,138.6,-24.3,0.421,0.033,0.065,0.049,5.9,94.66,Shai Gilgeous-Alexander,OKC
2025-26,1628983,Shai Gilgeous-Alexander,Shai,1610612760,OKC,Oklahoma City Thunder,0022500406,2025-12-22T00:00:00,OKC vs. MEM,W,35.65,11,20,0.55,3,4,0.75,6,6,1.0,0,10,10,8,5,4,1,0,3,4,31,13,65.0,1,0,62.0,1,1,1,1,20,30,28,36,3,32,8,43,45,1,29,1,1,12,1,1,14,1,46,48,29,29,6,1,1,4,1,35:39,1,0.341,0.685,0.625,108.8,91.4,17.4,0.381,0.0,0.25,0.132,13.9,108.39,Shai Gilgeous-Alexander,OKC
2025-26,1628983,Shai Gilgeous-Alexander,Shai,1610612760,OKC,Oklahoma City Thunder,0022500385,2025-12-19T00:00:00,OKC @ MIN,L,37.03333333333333,12,26,0.462,3,7,0.429,8,8,1.0,0,5,5,7,3,2,2,4,3,6,35,5,60.5,0,0,58.0,1,57,57,57,8,16,6,55,3,5,29,26,34,1,29,11,18,24,13,9,6,67,46,28,15,49,11,9,1,11,1,37:02,1,0.333,0.593,0.519,117.3,112.5,4.8,0.368,0.0,0.094,0.051,7.9,104.34,Shai Gilgeous-Alexander,OKC
2025-26,1628983,Shai Gilgeous-Alexander,Shai,1610612760,OKC,Oklahoma City Thunder,0022500369,2025-12-18T00:00:00,OKC vs. LAC,W,28.68,13,24,0.542,2,6,0.333,4,6,0.667,2,5,7,6,1,2,2,1,3,3,32,10,60.4,0,0,55.0,1,1,1,1,59,11,12,39,18,10,33,51,45,66,2,11,7,33,45,9,6,31,46,56,28,35,13,9,1,16,1,28:41,1,0.365,0.601,0.583,117.9,104.5,13.4,0.353,0.057,0.192,0.115,3.0,111.3,Shai Gilgeous-Alexander,OKC
2025-26,1628983,Shai Gilgeous-Alexander,Shai,1610612760,OKC,Oklahoma City Thunder,0022501230,2025-12-13T00:00:00,OKC @ SAS,L,36.568333333333335,12,23,0.522,1,7,0.143,4,4,1.0,0,4,4,5,5,0,1,2,4,3,29,2,39.3,0,0,41.0,1,57,57,57,12,16,16,45,35,5,59,51,57,1,29,26,33,44,1,55,14,55,62,56,44,54,58,9,1,47,1,36:34,1,0.316,0.586,0.543,104.8,104.9,-0.1,0.294,0.0,0.093,0.046,14.3,107.63,Shai Gilgeous-Alexander,OKC
2025-26,1628983,Shai Gilgeous-Alexander,Shai,1610612760,OKC,Oklahoma City Thunder,0022501203,2025-12-10T00:00:00,OKC vs. PHX,W,26.833333333333332,11,15,0.733,3,4,0.75,3,3,1.0,0,2,2,8,4,2,1,0,0,2,28,43,47.4,0,0,47.0,1,1,1,1,66,30,52,6,3,32,8,61,62,1,29,46,53,12,6,9,14,1,1,65,47,1,39,9,1,36,1,26:50,1,0.308,0.858,0.833,148.4,80.3,68.1,0.333,0.0,0.063,0.04,14.3,110.01,Shai Gilgeous-Alexander,OKC
2025-26,1628983,Shai Gilgeous-Alexander,Shai,1610612760,OKC,Oklahoma City Thunder,0022500349,2025-12-05T00:00:00,OKC vs. DAL,W,28.561666666666667,10,12,0.833,2,2,1.0,11,12,0.917,0,5,5,6,2,0,1,1,4,7,33,24,49.0,0,0,48.0,1,1,1,1,61,37,62,3,18,57,1,14,16,30,29,11,18,33,32,55,14,31,62,19,23,13,36,9,1,32,1,28:34,1,0.308,0.955,0.917,137.1,100.0,37.1,0.3,0.0,0.147,0.096,7.7,103.36,Shai Gilgeous-Alexander,OKC
2025-26,1628983,Shai Gilgeous-Alexander,Shai,1610612760,OKC,Oklahoma City Thunder,0022500323,2025-12-02T00:00:00,OKC @ GSW,W,35.55,13,21,0.619,5,6,0.833,7,10,0.7,0,3,3,4,0,1,0,1,2,6,38,10,50.6,0,0,52.0,1,1,1,1,24,11,25,27,1,10,6,32,24,65,29,36,42,55,60,30,34,31,21,28,11,35,31,9,1,25,1,35:33,1,0.309,0.748,0.738,122.1,107.7,14.4,0.19,0.0,0.067,0.041,0.0,104.64,Shai Gilgeous-Alexander,OKC
2025-26,1628983,Shai Gilgeous-Alexander,Shai,1610612760,OKC,Oklahoma City Thunder,0022500305,2025-11-30T00:00:00,OKC @ POR,W,35.81333333333333,8,15,0.533,0,3,0.0,10,12,0.833,1,3,4,5,3,1,0,0,3,10,26,2,38.3,0,0,37.0,1,1,1,1,17,53,52,42,62,44,62,17,16,46,10,36,33,44,13,30,34,1,46,5,52,54,63,9,1,62,1,35:49,1,0.25,0.641,0.533,110.8,108.4,2.4,0.217,0.024,0.068,0.047,10.7,111.24,Shai Gilgeous-Alexander,OKC
2025-26,1628983,Shai Gilgeous-Alexander,Shai,1610612760,OKC,Oklahoma City Thunder,0022500075,2025-11-28T00:00:00,OKC vs. PHX,W,35.71666666666667,10,20,0.5,3,5,0.6,14,17,0.824,0,3,3,8,1,1,0,1,2,11,37,8,54.6,0,0,53.0,1,1,1,1,19,37,28,47,3,20,16,5,4,50,29,36,42,12,45,30,34,31,21,4,12,43,23,9,1,21,1,35:43,1,0.337,0.673,0.575,121.0,112.5,8.5,0.364,0.0,0.081,0.042,2.8,108.18,Shai Gilgeous-Alexander,OKC
2025-26,1628983,Shai Gilgeous-Alexander,Shai,1610612760,OKC,Oklahoma City Thunder,0022500064,2025-11-26T00:00:00,OKC vs. MIN,W,36.71666666666667,12,19,0.632,1,2,0.5,15,17,0.882,0,6,6,6,1,3,0,0,3,8,40,12,64.2,0,0,59.0,1,1,1,1,11,16,35,22,35,57,21,4,4,37,29,6,11,33,45,5,34,1,46,13,5,33,8,9,1,9,1,36:43,1,0.322,0.755,0.658,113.9,100.0,13.9,0.333,0.0,0.128,0.074,2.9,102.62,Shai Gilgeous-Alexander,OKC
2025-26,1628983,Shai Gilgeous-Alexander,Shai,1610612760,OKC,Oklahoma City Thunder,0022500280,2025-11-23T00:00:00,OKC vs. POR,W,30.0,13,18,0.722,2,3,0.667,9,9,1.0,2,3,5,7,1,2,0,0,3,7,37,27,58.5,0,0,55.0,1,1,1,1,45,11,43,9,18,44,12,23,28,1,2,36,18,24,45,9,34,1,46,19,12,7,17,9,1,16,1,30:00,1,0.329,0.842,0.778,135.0,90.0,45.0,0.438,0.077,0.073,0.075,3.3,96.0,Shai Gilgeous-Alexander,OKC
2025-26,1628983,Shai Gilgeous-Alexander,Shai,1610612760,OKC,Oklahoma City Thunder,0022500055,2025-11-21T00:00:00,OKC @ UTA,W,30.15,9,14,0.643,3,3,1.0,10,12,0.833,0,2,2,8,2,1,1,1,1,9,31,14,49.4,0,0,48.0,1,1,1,1,44,47,57,19,3,44,1,17,16,46,29,46,53,12,32,30,14,31,9,8,29,26,34,9,1,32,1,30:09,1,0.309,0.804,0.75,145.3,125.4,19.9,0.348,0.0,0.083,0.043,6.9,101.09,Shai Gilgeous-Alexander,OKC
2025-26,1628983,Shai Gilgeous-Alexander,Shai,1610612760,OKC,Oklahoma City Thunder,0022500261,2025-11-19T00:00:00,OKC vs. SAC,W,35.56666666666667,12,24,0.5,1,3,0.333,8,10,0.8,2,6,8,3,3,2,0,0,0,8,33,9,50.1,0,0,49.0,1,1,1,1,23,16,12,47,35,44,33,26,24,53,2,6,5,63,13,9,34,1,1,13,23,40,32,9,1,31,1,35:34,1,0.349,0.581,0.521,109.3,96.1,13.3,0.167,0.05,0.162,0.104,9.1,101.89,Shai Gilgeous-Alexander,OKC
2025-26,1628983,Shai Gilgeous-Alexander,Shai,1610612760,OKC,Oklahoma City Thunder,0022500247,2025-11-17T00:00:00,OKC @ NOP,W,28.933333333333334,5,9,0.556,3,5,0.6,10,10,1.0,1,1,2,8,3,3,1,0,3,6,23,32,46.4,0,0,44.0,1,1,1,1,57,68,67,34,3,20,16,17,24,1,10,62,53,12,13,5,14,1,46,28,58,3,43,9,1,42,1,28:56,1,0.229,0.858,0.722,146.8,95.2,51.6,0.348,0.05,0.033,0.04,12.5,102.86,Shai Gilgeous-Alexander,OKC
2025-26,1628983,Shai Gilgeous-Alexander,Shai,1610612760,OKC,Oklahoma City Thunder,0022500229,2025-11-15T00:00:00,OKC @ CHA,W,29.433333333333334,13,19,0.684,3,4,0.75,4,5,0.8,0,4,4,7,1,2,0,0,1,5,33,21,53.3,0,0,51.0,1,1,1,1,51,11,35,15,3,32,8,51,50,53,29,26,33,24,45,9,34,1,9,36,23,18,27,9,1,26,1,29:26,1,0.319,0.778,0.763,132.8,98.4,34.4,0.333,0.0,0.1,0.063,3.4,99.48,Shai Gilgeous-Alexander,OKC
2025-26,1628983,Shai Gilgeous-Alexander,Shai,1610612760,OKC,Oklahoma City Thunder,0022500222,2025-11-12T00:00:00,OKC vs. LAL,W,29.383333333333333,10,18,0.556,2,7,0.286,8,9,0.889,0,5,5,9,1,2,0,0,1,5,30,25,54.5,0,0,50.0,1,1,1,1,52,37,43,34,18,5,44,26,28,33,29,11,18,8,45,9,34,1,9,36,33,11,24,9,1,28,1,29:23,1,0.333,0.683,0.611,126.6,86.2,40.4,0.474,0.0,0.156,0.086,3.1,105.37,Shai Gilgeous-Alexander,OKC
2025-26,1628983,Shai Gilgeous-Alexander,Shai,1610612760,OKC,Oklahoma City Thunder,0022500210,2025-11-11T00:00:00,OKC vs. GSW,W,28.49,9,19,0.474,3,6,0.5,7,8,0.875,1,4,5,11,2,3,1,1,2,6,28,25,60.5,1,0,55.0,1,1,1,1,62,47,35,54,3,10,21,32,34,38,10,26,18,4,32,5,14,31,21,28,47,11,11,1,1,16,1,28:29,1,0.333,0.622,0.553,142.6,103.3,39.3,0.524,0.045,0.182,0.114,5.9,101.93,Shai Gilgeous-Alexander,OKC
2025-26,1628983,Shai Gilgeous-Alexander,Shai,1610612760,OKC,Oklahoma City Thunder,0022500194,2025-11-09T00:00:00,OKC @ MEM,W,35.321666666666665,11,22,0.5,3,9,0.333,10,11,0.909,1,6,7,6,1,2,0,0,0,8,35,28,57.4,0,0,55.0,1,1,1,1,28,30,18,47,3,2,33,17,22,31,10,6,7,33,45,9,34,1,1,13,15,6,22,9,1,16,1,35:19,1,0.31,0.652,0.568,128.4,90.5,37.8,0.273,0.026,0.14,0.085,3.1,100.56,Shai Gilgeous-Alexander,OKC
2025-26,1628983,Shai Gilgeous-Alexander,Shai,1610612760,OKC,Oklahoma City Thunder,0022500038,2025-11-07T00:00:00,OKC @ SAC,W,29.45,12,20,0.6,2,6,0.333,4,4,1.0,0,1,1,3,1,2,1,0,2,3,30,10,43.7,0,0,42.0,1,1,1,1,50,16,28,29,18,10,33,51,57,1,29,62,63,63,45,9,14,1,21,56,33,35,46,9,1,44,1,29:27,1,0.329,0.689,0.65,122.2,108.1,14.2,0.176,0.0,0.031,0.017,3.8,101.87,Shai Gilgeous-Alexander,OKC
2025-26,1628983,Shai Gilgeous-Alexander,Shai,1610612760,OKC,Oklahoma City Thunder,0022500180,2025-11-05T00:00:00,OKC @ POR,L,37.54333333333334,10,26,0.385,3,5,0.6,12,13,0.923,2,7,9,4,0,0,0,0,5,6,35,1,51.8,0,0,51.0,1,57,57,57,7,37,6,61,3,20,16,11,10,28,2,5,2,55,60,55,34,1,68,28,15,58,28,9,1,26,1,37:33,1,0.333,0.552,0.442,108.2,109.6,-1.4,0.222,0.042,0.179,0.103,0.0,107.4,Shai Gilgeous-Alexander,OKC
2025-26,1628983,Shai Gilgeous-Alexander,Shai,1610612760,OKC,Oklahoma City Thunder,0022500170,2025-11-04T00:00:00,OKC @ LAC,W,29.05,9,14,0.643,4,5,0.8,8,9,0.889,0,4,4,12,2,0,3,0,2,3,30,2,59.8,1,0,56.0,1,1,1,1,53,47,57,19,2,20,7,26,28,33,29,26,33,3,32,55,2,1,21,56,33,54,14,1,1,14,1,29:03,1,0.288,0.835,0.786,126.2,123.0,3.3,0.706,0.0,0.143,0.071,6.5,100.79,Shai Gilgeous-Alexander,OKC
2025-26,1628983,Shai Gilgeous-Alexander,Shai,1610612760,OKC,Oklahoma City Thunder,0022500148,2025-11-02T00:00:00,OKC vs. NOP,W,29.983333333333334,8,14,0.571,1,5,0.2,13,13,1.0,0,2,2,7,3,1,0,2,1,8,30,24,42.9,0,0,42.0,1,1,1,1,46,53,57,32,35,20,53,7,10,1,29,46,53,24,13,30,34,55,9,13,33,13,48,9,1,44,1,29:59,1,0.343,0.761,0.607,147.6,107.8,39.8,0.333,0.0,0.057,0.034,10.0,101.66,Shai Gilgeous-Alexander,OKC
2025-26,1628983,Shai Gilgeous-Alexander,Shai,1610612760,OKC,Oklahoma City Thunder,0022500140,2025-10-30T00:00:00,OKC vs. WAS,W,29.033333333333335,11,20,0.55,3,6,0.5,6,6,1.0,0,3,3,7,0,0,1,1,1,6,31,8,48.1,0,0,46.0,1,1,1,1,55,30,28,36,3,10,21,43,45,1,29,36,42,24,60,55,14,31,9,28,29,43,37,9,1,39,1,29:02,1,0.297,0.685,0.625,127.9,114.8,13.1,0.438,0.0,0.1,0.045,0.0,100.85,Shai Gilgeous-Alexander,OKC
2025-26,1628983,Shai Gilgeous-Alexander,Shai,1610612760,OKC,Oklahoma City Thunder,0022500126,2025-10-28T00:00:00,OKC vs. SAC,W,35.78333333333333,14,26,0.538,1,5,0.2,2,2,1.0,0,9,9,4,1,1,3,2,2,5,31,-1,58.8,0,0,53.0,1,1,1,1,18,6,6,40,35,20,53,66,66,1,29,2,2,55,45,30,2,55,21,36,29,60,16,9,1,21,1,35:47,1,0.326,0.577,0.558,102.6,103.9,-1.3,0.235,0.0,0.22,0.111,3.1,103.29,Shai Gilgeous-Alexander,OKC
2025-26,1628983,Shai Gilgeous-Alexander,Shai,1610612760,OKC,Oklahoma City Thunder,0022500119,2025-10-27T00:00:00,OKC @ DAL,W,35.46666666666667,10,22,0.455,1,3,0.333,2,2,1.0,0,4,4,8,4,1,0,1,0,3,23,7,38.8,0,0,38.0,1,1,1,1,26,37,18,57,35,44,33,66,66,1,29,26,33,12,6,30,34,31,1,56,58,47,60,9,1,58,1,35:28,1,0.338,0.503,0.477,115.7,102.8,12.9,0.364,0.0,0.098,0.052,11.4,96.09,Shai Gilgeous-Alexander,OKC
2025-26,1628983,Shai Gilgeous-Alexander,Shai,1610612760,OKC,Oklahoma City Thunder,0022500101,2025-10-25T00:00:00,OKC @ ATL,W,28.733333333333334,12,17,0.706,2,6,0.333,4,4,1.0,1,4,5,5,2,1,1,0,2,5,30,16,47.5,0,0,46.0,1,1,1,1,58,16,48,11,18,10,33,51,57,1,10,26,18,44,32,30,14,1,21,36,33,22,38,9,1,39,1,28:44,1,0.282,0.8,0.765,135.6,110.3,25.2,0.278,0.034,0.154,0.091,8.0,97.73,Shai Gilgeous-Alexander,OKC
2025-26,1628983,Shai Gilgeous-Alexander,Shai,1610612760,OKC,Oklahoma City Thunder,0022500005,2025-10-23T00:00:00,OKC @ IND,W,45.35,15,31,0.484,2,7,0.286,23,26,0.885,0,8,8,5,2,2,1,1,4,15,55,9,79.1,0,0,76.0,1,1,1,1,2,4,1,51,18,5,44,1,1,36,29,3,5,44,32,9,14,31,62,2,1,40,1,9,1,1,1,45:21,1,0.44,0.648,0.516,125.8,111.3,14.5,0.238,0.0,0.16,0.09,4.1,100.55,Shai Gilgeous-Alexander,OKC
2025-26,1628983,Shai Gilgeous-Alexander,Shai,1610612760,OKC,Oklahoma City Thunder,0022500001,2025-10-21T00:00:00,OKC vs. HOU,W,47.21666666666667,12,26,0.462,1,9,0.111,10,14,0.714,0,5,5,5,3,2,2,2,2,10,35,3,57.5,0,0,54.0,1,1,1,1,1,16,6,55,35,2,61,17,8,64,29,11,18,44,13,9,6,55,21,5,15,51,20,9,1,20,1,47:13,1,0.34,0.544,0.481,111.1,104.3,6.8,0.208,0.0,0.109,0.051,7.3,93.02,Shai Gilgeous-Alexander,OKC
